table_name,ordinal_position,column_name,data_type,nullable,column_default,constraints,target_table,target_column,transformation_rule,mapping_decision,review_notes
m_departemen,1,id,integer,False,nextval('m_departemen_id_seq'::regclass),PRIMARY KEY (id); NOT NULL id,epresensi_analytics_hop_dev.public.dim_departemen,departemen_id_sumber,"Salin integer; NOT NULL dan UNIQUE; identitas sumber, bukan surrogate key.",LANJUT_MAPPING,"6892 ID; grain satu unit per ID untuk snapshot; histori belum ditetapkan. Bukti: audit-mapping-departemen.json; aturan kualitas hasil audit, bukan konfirmasi semantik owner."
m_departemen,2,kode,character varying(40),True,,UNIQUE (kode),epresensi_analytics_hop_dev.public.dim_departemen,kode_departemen,Salin sebagai varchar(40); pertahankan nol di depan dan NULL; tanpa filter HAPUS.,LANJUT_MAPPING,"Snapshot: unik, tidak NULL/kosong; 1957 kode mengandung HAPUS, tetap disertakan. Bukti: audit-mapping-departemen.json; aturan kualitas hasil audit, bukan konfirmasi semantik owner."
m_departemen,3,nama_departemen,character varying(200),True,,,epresensi_analytics_hop_dev.public.dim_departemen,nama_departemen,"Salin varchar(200), nullable; jangan deduplikasi berdasarkan nama.",LANJUT_MAPPING,"553 NULL dan 183 kelompok nama duplikat; label pengganti hanya di tampilan. Bukti: audit-mapping-departemen.json; aturan kualitas hasil audit, bukan konfirmasi semantik owner."
m_departemen,4,parent,integer,True,0,,epresensi_analytics_hop_dev.public.dim_departemen,parent_id_sumber,"Salin integer mentah termasuk 0/NULL; LEFT JOIN m_departemen p ON p.id=s.parent untuk validasi, tanpa membuang baris sumber.",LANJUT_MAPPING,"4958 referensi cocok, 1932 NULL, 2 nol; tanpa orphan/siklus. Nol belum dipastikan bermakna akar; jangan diwariskan ke shift. Bukti: audit-mapping-departemen.json; aturan kualitas hasil audit, bukan konfirmasi semantik owner."
m_departemen,5,latlong,character varying(200),True,,,,,Tidak dimuat pada mapping inti dim_departemen.,DI_LUAR_CAKUPAN_INTI,Di luar cakupan dimensi organisasi inti; sumber tetap dipertahankan.
m_departemen,6,created_at,timestamp without time zone,True,,,,,Tidak dimuat pada mapping inti dim_departemen.,DI_LUAR_CAKUPAN_INTI,Tidak digunakan sebagai valid_from; created_at bukan bukti awal masa berlaku organisasi.
m_departemen,7,address,text,True,,,,,Tidak dimuat pada mapping inti dim_departemen.,DI_LUAR_CAKUPAN_INTI,Di luar cakupan dimensi organisasi inti; sumber tetap dipertahankan.
m_departemen,8,logo,character varying(200),True,,,,,Tidak dimuat pada mapping inti dim_departemen.,DI_LUAR_CAKUPAN_INTI,Di luar cakupan dimensi organisasi inti; sumber tetap dipertahankan.
m_departemen,9,lokasi,integer,True,,FOREIGN KEY (lokasi) REFERENCES m_lokasi(id) ON UPDATE SET NULL ON DELETE SET NULL,,,Tidak dimuat pada mapping inti dim_departemen.,DI_LUAR_CAKUPAN_INTI,Di luar cakupan dimensi organisasi inti; sumber tetap dipertahankan.
m_departemen,10,logo_qr,character varying(200),True,,,,,Tidak dimuat pada mapping inti dim_departemen.,DI_LUAR_CAKUPAN_INTI,Di luar cakupan dimensi organisasi inti; sumber tetap dipertahankan.
m_departemen,11,opd_parent,integer,True,,,epresensi_analytics_hop_dev.public.dim_departemen,opd_induk_id_sumber,Salin integer mentah; LEFT JOIN m_departemen o ON o.id=s.opd_parent; simpan nilai orphan dan catat kualitas.,LANJUT_MAPPING,"5885 cocok ke unit lain, 48 menunjuk diri, 958 NULL; id 31964 menunjuk 1407 yang tidak ada. Bukan pengganti parent atau akar parent; makna bisnis masih perlu bukti. Bukti: audit-mapping-departemen.json; aturan kualitas hasil audit, bukan konfirmasi semantik owner."
m_departemen,12,kode_lengkap,text,True,,,epresensi_analytics_hop_dev.public.dim_departemen,kode_lengkap,"Salin text, nullable; bukan kode unik dan jangan dipecah menjadi hierarki otomatis.",LANJUT_MAPPING,"3 NULL dan 88 kelompok duplikat; sampel berisi jalur NAMA organisasi, bukan semata kode. Bukti: audit-mapping-departemen.json; aturan kualitas hasil audit, bukan konfirmasi semantik owner."
m_departemen,13,order,integer,True,,,,,Tidak dimuat pada mapping inti dim_departemen.,DI_LUAR_CAKUPAN_INTI,Di luar cakupan dimensi organisasi inti; sumber tetap dipertahankan.
m_departemen,14,is_remun,integer,True,0,,,,Tidak dimuat pada mapping inti dim_departemen.,DI_LUAR_CAKUPAN_INTI,Di luar cakupan dimensi organisasi inti; sumber tetap dipertahankan.
m_departemen,15,is_allow_wfh,integer,True,0,,,,Tidak dimuat pada mapping inti dim_departemen.,DI_LUAR_CAKUPAN_INTI,Kebijakan organisasi; bukan mode kerja aktual harian dari event presensi.
m_departemen,16,unit_kerja_induk,integer,True,,,epresensi_analytics_hop_dev.public.dim_departemen,unit_kerja_induk_id_sumber,Salin integer nullable; LEFT JOIN m_departemen u ON u.id=s.unit_kerja_induk; jangan isi dari parent/opd_parent.,LANJUT_MAPPING,"6890 NULL; hanya id 36078 dan 36523 terisi 30160. Belum cukup bukti sebagai fallback universal OPD. Bukti: audit-mapping-departemen.json; aturan kualitas hasil audit, bukan konfirmasi semantik owner."
m_departemen,17,is_using_wajah,integer,True,0,,,,Tidak dimuat pada mapping inti dim_departemen.,DI_LUAR_CAKUPAN_INTI,Di luar cakupan dimensi organisasi inti; sumber tetap dipertahankan.
m_departemen,18,upload_wajah,integer,True,,,,,Tidak dimuat pada mapping inti dim_departemen.,DI_LUAR_CAKUPAN_INTI,Di luar cakupan dimensi organisasi inti; sumber tetap dipertahankan.
m_departemen,19,hari_senam,character varying(10),True,'wed'::character varying,,,,Tidak dimuat pada mapping inti dim_departemen.,DI_LUAR_CAKUPAN_INTI,Di luar cakupan dimensi organisasi inti; sumber tetap dipertahankan.
m_hari_libur,1,id,integer,False,nextval('m_hari_libur_id_seq'::regclass),PRIMARY KEY (id); NOT NULL id,epresensi_analytics_hop_dev.public.dim_calendar,libur_id_sumber,"Agregasi ID DISTINCT terurut numerik per tanggal, simpan teks dipisah koma untuk audit melalui JDBC Hop; NULL bila tidak ada libur.",IMPLEMENTED_HOP,Dimensi tanggal fisik public.dim_calendar; pipeline dim_calendar.hpl. START_DATE/END_DATE inklusif. Bukti: validation-hop-dim-calendar.json. Kelengkapan kalender libur belum diverifikasi.
m_hari_libur,2,tanggal,date,False,,NOT NULL tanggal,epresensi_analytics_hop_dev.public.dim_calendar,tanggal; is_hari_libur,"Deduplikasi per tanggal; LEFT JOIN ke generator tanggal lengkap. Flag berdasar keberadaan record, bukan keterangan.",IMPLEMENTED_HOP,Dimensi tanggal fisik public.dim_calendar; pipeline dim_calendar.hpl. START_DATE/END_DATE inklusif. Bukti: validation-hop-dim-calendar.json. Kelengkapan kalender libur belum diverifikasi.
m_hari_libur,3,keterangan,character varying(200),True,,,epresensi_analytics_hop_dev.public.dim_calendar,keterangan_libur,"STRING_AGG DISTINCT terurut per tanggal; NULL dipertahankan, bukan penguji keberadaan hari libur.",IMPLEMENTED_HOP,Dimensi tanggal fisik public.dim_calendar; pipeline dim_calendar.hpl. START_DATE/END_DATE inklusif. Bukti: validation-hop-dim-calendar.json. Kelengkapan kalender libur belum diverifikasi.
m_hari_libur,4,created_at,timestamp without time zone,True,,,epresensi_analytics_hop_dev.public.dim_calendar,libur_source_created_at_terakhir,MAX timestamp sumber per tanggal untuk audit; bukan awal masa berlaku atau waktu pembaruan.,IMPLEMENTED_HOP,Dimensi tanggal fisik public.dim_calendar; pipeline dim_calendar.hpl. START_DATE/END_DATE inklusif. Bukti: validation-hop-dim-calendar.json. Kelengkapan kalender libur belum diverifikasi.
m_jadwal,1,id,integer,False,nextval('m_jadwal_id_seq'::regclass),PRIMARY KEY (id); NOT NULL id,epresensi_analytics_hop_dev.public.dim_shift,jadwal_id_sumber,"ID jadwal unik sebagai key upsert dim_shift. shift_key dibentuk identity database, stabil saat update.",IMPLEMENTED_HOP,"Keputusan terbaru: dim_shift gabungan, grain satu m_jadwal.id; tanpa dimensi jadwal terpisah. Bukti: validation-hop-dim-shift.json."
m_jadwal,2,jenis,integer,False,,FOREIGN KEY (jenis) REFERENCES m_shift(id) ON UPDATE CASCADE ON DELETE CASCADE; NOT NULL jenis,epresensi_analytics_hop_dev.public.dim_shift,shift_id_sumber,LEFT JOIN ke m_shift.id pada sumber untuk mengambil atribut induk; tidak ada lookup dim_shift lain.,IMPLEMENTED_HOP,"Keputusan terbaru: dim_shift gabungan, grain satu m_jadwal.id; tanpa dimensi jadwal terpisah. Bukti: validation-hop-dim-shift.json."
m_jadwal,3,hari,character varying(200),False,,NOT NULL hari,epresensi_analytics_hop_dev.public.dim_shift,hari_sumber; hari; hari_iso,Salin raw; normalisasi Mon..Sun dan nama Indonesia menjadi Senin..Minggu / 1..7; nilai tak dikenal dilaporkan.,IMPLEMENTED_HOP,"Keputusan terbaru: dim_shift gabungan, grain satu m_jadwal.id; tanpa dimensi jadwal terpisah. Bukti: validation-hop-dim-shift.json."
m_jadwal,4,jam_masuk,time without time zone,False,,NOT NULL jam_masuk,epresensi_analytics_hop_dev.public.dim_shift,jam_masuk,"Salin time; tidak menambah toleransi. Bersama jam_keluar bentuk indikator jam sama/lintas malam, bukan keputusan libur.",IMPLEMENTED_HOP,"Keputusan terbaru: dim_shift gabungan, grain satu m_jadwal.id; tanpa dimensi jadwal terpisah. Bukti: validation-hop-dim-shift.json."
m_jadwal,5,jam_keluar,time without time zone,False,,NOT NULL jam_keluar,epresensi_analytics_hop_dev.public.dim_shift,jam_keluar,"Salin time; jam lebih kecil dari masuk hanya indikator lintas malam, aturan tanggal kerja belum final.",IMPLEMENTED_HOP,"Keputusan terbaru: dim_shift gabungan, grain satu m_jadwal.id; tanpa dimensi jadwal terpisah. Bukti: validation-hop-dim-shift.json."
m_jadwal,6,created_at,timestamp without time zone,True,,,epresensi_analytics_hop_dev.public.dim_shift,jadwal_source_created_at,Salin nullable; bukan source_updated_at/valid_from.,IMPLEMENTED_HOP,"Keputusan terbaru: dim_shift gabungan, grain satu m_jadwal.id; tanpa dimensi jadwal terpisah. Bukti: validation-hop-dim-shift.json."
m_jadwal,7,jam_masuk_awal,time without time zone,False,,NOT NULL jam_masuk_awal,epresensi_analytics_hop_dev.public.dim_shift,jam_masuk_awal,Salin time; bukan otomatis batas toleransi keterlambatan.,IMPLEMENTED_HOP,"Keputusan terbaru: dim_shift gabungan, grain satu m_jadwal.id; tanpa dimensi jadwal terpisah. Bukti: validation-hop-dim-shift.json."
m_jadwal,8,jam_keluar_akhir,time without time zone,False,,NOT NULL jam_keluar_akhir,epresensi_analytics_hop_dev.public.dim_shift,jam_keluar_akhir,Salin time; aturan pemasangan event dibahas pada fakta.,IMPLEMENTED_HOP,"Keputusan terbaru: dim_shift gabungan, grain satu m_jadwal.id; tanpa dimensi jadwal terpisah. Bukti: validation-hop-dim-shift.json."
m_jadwal,9,flexible_time,time without time zone,True,,,epresensi_analytics_hop_dev.public.dim_shift,flexible_time_sumber,Salin time nullable; bukan otomatis durasi menit.,IMPLEMENTED_HOP,"Keputusan terbaru: dim_shift gabungan, grain satu m_jadwal.id; tanpa dimensi jadwal terpisah. Bukti: validation-hop-dim-shift.json."
m_jenis_ijin,1,id,integer,False,nextval('m_jenis_ijin_id_seq'::regclass),PRIMARY KEY (id); NOT NULL id,epresensi_analytics_hop_dev.public.dim_jenis_izin,jenis_izin_id_sumber; jenis_izin_id,ID sumber unik; jenis_izin_key identity stabil. Jangan deduplikasi kode/nama.,DITUNDA_DI_LUAR_CAKUPAN,Dimensi jenis izin tidak diperlukan dalam cakupan dashboard saat ini; referensi sumber dapat dipakai transformasi fakta bila diperlukan. Tidak dibuat pipeline.
m_jenis_ijin,2,nama,character varying(200),False,,NOT NULL nama,epresensi_analytics_hop_dev.public.dim_jenis_izin,nama_jenis_izin,Salin mentah.,DITUNDA_DI_LUAR_CAKUPAN,Dimensi jenis izin tidak diperlukan dalam cakupan dashboard saat ini; referensi sumber dapat dipakai transformasi fakta bila diperlukan. Tidak dibuat pipeline.
m_jenis_ijin,3,kode,character varying(50),True,,,epresensi_analytics_hop_dev.public.dim_jenis_izin,kode_jenis_izin,Salin teks nullable; kode bukan key unik.,DITUNDA_DI_LUAR_CAKUPAN,Dimensi jenis izin tidak diperlukan dalam cakupan dashboard saat ini; referensi sumber dapat dipakai transformasi fakta bila diperlukan. Tidak dibuat pipeline.
m_jenis_ijin,4,setengah_hari,boolean,True,false,,epresensi_analytics_hop_dev.public.dim_jenis_izin,is_setengah_hari_sumber,Salin boolean nullable; belum menetapkan bobot 0.5 atau dampak status harian.,DITUNDA_DI_LUAR_CAKUPAN,Dimensi jenis izin tidak diperlukan dalam cakupan dashboard saat ini; referensi sumber dapat dipakai transformasi fakta bila diperlukan. Tidak dibuat pipeline.
m_jenis_ijin,5,created_at,timestamp without time zone,True,,,epresensi_analytics_hop_dev.public.dim_jenis_izin,source_created_at,Salin nullable; bukan source_updated_at.,DITUNDA_DI_LUAR_CAKUPAN,Dimensi jenis izin tidak diperlukan dalam cakupan dashboard saat ini; referensi sumber dapat dipakai transformasi fakta bila diperlukan. Tidak dibuat pipeline.
m_jenis_ijin,6,tipe_id,integer,True,,FOREIGN KEY (tipe_id) REFERENCES m_tipe_ijin(id) ON UPDATE CASCADE ON DELETE CASCADE,epresensi_analytics_hop_dev.public.dim_jenis_izin,tipe_izin_id_sumber; tipe_izin_id,Salin raw; LEFT JOIN m_tipe_ijin.id untuk label tanpa kehilangan jenis izin.,DITUNDA_DI_LUAR_CAKUPAN,Dimensi jenis izin tidak diperlukan dalam cakupan dashboard saat ini; referensi sumber dapat dipakai transformasi fakta bila diperlukan. Tidak dibuat pipeline.
m_jenis_ijin,7,potongan,character varying(5),True,,,epresensi_analytics_hop_dev.public.dim_jenis_izin,potongan_sumber,Salin teks; tidak ditafsirkan sebagai persen/uang.,DITUNDA_DI_LUAR_CAKUPAN,Dimensi jenis izin tidak diperlukan dalam cakupan dashboard saat ini; referensi sumber dapat dipakai transformasi fakta bila diperlukan. Tidak dibuat pipeline.
m_jenis_ijin,8,is_aktif,integer,True,1,,epresensi_analytics_hop_dev.public.dim_jenis_izin,status_aktif_kode_sumber,"Salin integer nullable; tanpa filter aktif, NULL tidak menjadi false.",DITUNDA_DI_LUAR_CAKUPAN,Dimensi jenis izin tidak diperlukan dalam cakupan dashboard saat ini; referensi sumber dapat dipakai transformasi fakta bila diperlukan. Tidak dibuat pipeline.
m_jenis_ijin,9,label_kode,character varying(100),True,,,epresensi_analytics_hop_dev.public.dim_jenis_izin,label_kode,Salin teks nullable terpisah dari kode.,DITUNDA_DI_LUAR_CAKUPAN,Dimensi jenis izin tidak diperlukan dalam cakupan dashboard saat ini; referensi sumber dapat dipakai transformasi fakta bila diperlukan. Tidak dibuat pipeline.
m_pegawai,1,id,integer,False,nextval('m_pegawai_id_seq'::regclass),PRIMARY KEY (id); NOT NULL id,epresensi_analytics_hop_dev.public.dim_pegawai,pegawai_id_sumber,Identitas unik sumber; pegawai_id diisi ID yang sama untuk kompatibilitas. Surrogate pegawai_key dibentuk database dan tetap saat update.,IMPLEMENTED_HOP,Snapshot terbaru per ID; tanpa SCD2 dan tanpa delete otomatis. Validasi: validation-hop-dimensions.json.
m_pegawai,2,nip,character varying(200),False,,UNIQUE (nip); NOT NULL nip,epresensi_analytics_hop_dev.public.dim_pegawai,nip,"Salin teks, tanpa konversi numerik.",IMPLEMENTED_HOP,Snapshot terbaru per ID; tanpa SCD2 dan tanpa delete otomatis. Validasi: validation-hop-dimensions.json.
m_pegawai,3,nama,character varying(200),False,,NOT NULL nama,epresensi_analytics_hop_dev.public.dim_pegawai,nama_pegawai,Salin apa adanya.,IMPLEMENTED_HOP,Snapshot terbaru per ID; tanpa SCD2 dan tanpa delete otomatis. Validasi: validation-hop-dimensions.json.
m_pegawai,4,departemen,integer,False,,FOREIGN KEY (departemen) REFERENCES m_departemen(id) ON UPDATE RESTRICT ON DELETE RESTRICT; NOT NULL departemen,epresensi_analytics_hop_dev.public.dim_pegawai,departemen_id_sumber,Salin ID mentah; LEFT lookup public.dim_departemen untuk departemen_key dan departemen_id; tanpa membuang pegawai.,IMPLEMENTED_HOP,Snapshot terbaru per ID; tanpa SCD2 dan tanpa delete otomatis. Validasi: validation-hop-dimensions.json.
m_pegawai,5,alamat,text,True,,,,,Tidak dimuat pada mapping inti saat ini.,DI_LUAR_MAPPING_INTI,Sumber dipertahankan; tidak dihapus.
m_pegawai,6,jenis_kelamin,integer,True,,,epresensi_analytics_hop_dev.public.dim_pegawai,jenis_kelamin_kode,Simpan kode mentah; label belum ditafsirkan.,IMPLEMENTED_HOP,Snapshot terbaru per ID; tanpa SCD2 dan tanpa delete otomatis. Validasi: validation-hop-dimensions.json.
m_pegawai,7,created_at,timestamp without time zone,True,,,epresensi_analytics_hop_dev.public.dim_pegawai,source_created_at,Salin nullable; bukan awal masa aktif.,IMPLEMENTED_HOP,Snapshot terbaru per ID; tanpa SCD2 dan tanpa delete otomatis. Validasi: validation-hop-dimensions.json.
m_pegawai,8,updated_at,timestamp without time zone,True,,,epresensi_analytics_hop_dev.public.dim_pegawai,source_updated_at,Salin nullable; tidak fallback ke created_at.,IMPLEMENTED_HOP,Snapshot terbaru per ID; tanpa SCD2 dan tanpa delete otomatis. Validasi: validation-hop-dimensions.json.
m_pegawai,9,email,character varying(100),True,,,,,Tidak dimuat pada mapping inti saat ini.,DI_LUAR_MAPPING_INTI,Sumber dipertahankan; tidak dihapus.
m_pegawai,10,foto,character varying(200),True,,,,,Tidak dimuat pada mapping inti saat ini.,DI_LUAR_MAPPING_INTI,Sumber dipertahankan; tidak dihapus.
m_pegawai,11,jabatan,character varying(200),True,,,epresensi_analytics_hop_dev.public.dim_pegawai,jabatan,"Salin teks nullable, tanpa interpretasi kode.",IMPLEMENTED_HOP,Snapshot terbaru per ID; tanpa SCD2 dan tanpa delete otomatis. Validasi: validation-hop-dimensions.json.
m_pegawai,12,status,integer,True,1,FOREIGN KEY (status) REFERENCES m_previleges(id) ON UPDATE RESTRICT ON DELETE RESTRICT,epresensi_analytics_hop_dev.public.dim_pegawai,kategori_pegawai_id_sumber,LEFT JOIN m_previleges.id; previleges -> kategori_pegawai. status_aktif tetap NULL; tidak filter Non-Aktif.,IMPLEMENTED_HOP,Snapshot terbaru per ID; tanpa SCD2 dan tanpa delete otomatis. Validasi: validation-hop-dimensions.json.
m_pegawai,13,qr_code,text,True,,,,,Tidak dimuat pada mapping inti saat ini.,DI_LUAR_MAPPING_INTI,Sumber dipertahankan; tidak dihapus.
m_pegawai,14,unit_kerja_induk,integer,True,,,epresensi_analytics_hop_dev.public.dim_pegawai,unit_kerja_induk_id_sumber,Salin mentah; tidak disamakan dengan departemen.,IMPLEMENTED_HOP,Snapshot terbaru per ID; tanpa SCD2 dan tanpa delete otomatis. Validasi: validation-hop-dimensions.json.
m_pegawai,15,status_shift,integer,True,5,,,,Tidak dimuat pada mapping inti saat ini.,DI_LUAR_MAPPING_INTI,status_shift bukan relasi m_shift yang sudah terbukti.
m_pegawai,16,pangkat,character varying(100),True,,,epresensi_analytics_hop_dev.public.dim_pegawai,pangkat,"Salin teks nullable, tanpa interpretasi kode.",IMPLEMENTED_HOP,Snapshot terbaru per ID; tanpa SCD2 dan tanpa delete otomatis. Validasi: validation-hop-dimensions.json.
m_pegawai,17,jenis_jabatan,character varying(250),True,,,epresensi_analytics_hop_dev.public.dim_pegawai,jenis_jabatan,"Salin teks nullable, tanpa interpretasi kode.",IMPLEMENTED_HOP,Snapshot terbaru per ID; tanpa SCD2 dan tanpa delete otomatis. Validasi: validation-hop-dimensions.json.
m_pegawai,18,eselon,character varying(250),True,,,epresensi_analytics_hop_dev.public.dim_pegawai,eselon,"Salin teks nullable, tanpa interpretasi kode.",IMPLEMENTED_HOP,Snapshot terbaru per ID; tanpa SCD2 dan tanpa delete otomatis. Validasi: validation-hop-dimensions.json.
m_pegawai,19,other_attr,character varying(10),True,,,,,Tidak dimuat pada mapping inti saat ini.,DI_LUAR_MAPPING_INTI,Sumber dipertahankan; tidak dihapus.
m_pegawai,20,kelas_jabatan,character varying(10),True,,,epresensi_analytics_hop_dev.public.dim_pegawai,kelas_jabatan,"Salin teks nullable, tanpa interpretasi kode.",IMPLEMENTED_HOP,Snapshot terbaru per ID; tanpa SCD2 dan tanpa delete otomatis. Validasi: validation-hop-dimensions.json.
m_pegawai,21,nip_lama,character varying(200),True,,,,,Tidak dimuat pada mapping inti saat ini.,DI_LUAR_MAPPING_INTI,Sumber dipertahankan; tidak dihapus.
m_pegawai,22,jenis_tpp,integer,True,,,,,Tidak dimuat pada mapping inti saat ini.,DI_LUAR_MAPPING_INTI,Sumber dipertahankan; tidak dihapus.
m_pegawai,23,attrs,text,True,,,,,Tidak dimuat pada mapping inti saat ini.,DI_LUAR_MAPPING_INTI,Sumber dipertahankan; tidak dihapus.
m_pegawai,24,is_foto_approved,integer,True,0,,,,Tidak dimuat pada mapping inti saat ini.,DI_LUAR_MAPPING_INTI,Sumber dipertahankan; tidak dihapus.
m_shift,1,id,integer,False,nextval('m_shift_id_seq'::regclass),PRIMARY KEY (id); NOT NULL id,epresensi_analytics_hop_dev.public.dim_shift,shift_id_sumber,Identitas shift induk; dapat berulang antar hari. Bukan key upsert. LEFT JOIN m_jadwal.jenis = m_shift.id.,IMPLEMENTED_HOP,"Keputusan terbaru: dim_shift gabungan, grain satu m_jadwal.id; tanpa dimensi jadwal terpisah. Bukti: validation-hop-dim-shift.json."
m_shift,2,nama,character varying(200),False,,NOT NULL nama,epresensi_analytics_hop_dev.public.dim_shift,nama_shift; is_reguler,Salin nama mentah; turunkan is_reguler dengan regex regular|reguler case-insensitive.,IMPLEMENTED_HOP,"Keputusan terbaru: dim_shift gabungan, grain satu m_jadwal.id; tanpa dimensi jadwal terpisah. Bukti: validation-hop-dim-shift.json."
m_shift,3,status,boolean,True,true,,epresensi_analytics_hop_dev.public.dim_shift,is_aktif_saat_ini,Salin boolean nullable; jangan filter nonaktif untuk histori.,IMPLEMENTED_HOP,"Keputusan terbaru: dim_shift gabungan, grain satu m_jadwal.id; tanpa dimensi jadwal terpisah. Bukti: validation-hop-dim-shift.json."
m_shift,4,departemen_id,integer,True,,FOREIGN KEY (departemen_id) REFERENCES m_departemen(id) ON UPDATE CASCADE ON DELETE CASCADE,epresensi_analytics_hop_dev.public.dim_shift,departemen_id_sumber; departemen_key,Salin raw; LEFT lookup dim_departemen menurut ID sumber; departemen pemilik shift bukan otomatis organisasi transaksi.,IMPLEMENTED_HOP,"Keputusan terbaru: dim_shift gabungan, grain satu m_jadwal.id; tanpa dimensi jadwal terpisah. Bukti: validation-hop-dim-shift.json."
m_shift,5,created_at,timestamp without time zone,True,,,epresensi_analytics_hop_dev.public.dim_shift,shift_source_created_at,"Salin nullable; bukan valid_from, source_updated_at, atau watermark perubahan.",IMPLEMENTED_HOP,"Keputusan terbaru: dim_shift gabungan, grain satu m_jadwal.id; tanpa dimensi jadwal terpisah. Bukti: validation-hop-dim-shift.json."
m_shift,6,created_by,integer,True,,,,,Di luar mapping inti; simpan pada sumber.,DI_LUAR_MAPPING_INTI,Acuan: kesepakatan-mapping-presensi-hop.md bagian 7 Oktober 2026 dan dokumen grain. Bukti: audit-remaining-dimensions.json. Belum DDL/deploy; aturan pending tidak difinalkan.
m_shift,7,event_id,integer,True,,,epresensi_analytics_hop_dev.public.dim_shift,event_id_sumber,Salin raw; bukan bukti roster individual.,IMPLEMENTED_HOP,"Keputusan terbaru: dim_shift gabungan, grain satu m_jadwal.id; tanpa dimensi jadwal terpisah. Bukti: validation-hop-dim-shift.json."
m_shift,8,is_flexible,integer,True,0,,epresensi_analytics_hop_dev.public.dim_shift,is_flexible_kode_sumber; is_flexible,"Salin kode; 0 false, 1 true, NULL tetap NULL; kode lain dilaporkan invalid.",IMPLEMENTED_HOP,"Keputusan terbaru: dim_shift gabungan, grain satu m_jadwal.id; tanpa dimensi jadwal terpisah. Bukti: validation-hop-dim-shift.json."
m_tipe_ijin,1,id,integer,False,nextval('m_tipe_ijin_id_seq'::regclass),PRIMARY KEY (id); NOT NULL id,epresensi_analytics_hop_dev.public.dim_jenis_izin,tipe_izin_id_sumber,Kunci sisi lookup ke m_jenis_ijin.tipe_id; tidak menambah baris target per tipe.,DITUNDA_DI_LUAR_CAKUPAN,Dimensi jenis izin tidak diperlukan dalam cakupan dashboard saat ini; referensi sumber dapat dipakai transformasi fakta bila diperlukan. Tidak dibuat pipeline.
m_tipe_ijin,2,nama,character varying(200),False,,NOT NULL nama,epresensi_analytics_hop_dev.public.dim_jenis_izin,nama_tipe_izin,Label dari LEFT JOIN; NULL tetap NULL bila lookup tidak cocok.,DITUNDA_DI_LUAR_CAKUPAN,Dimensi jenis izin tidak diperlukan dalam cakupan dashboard saat ini; referensi sumber dapat dipakai transformasi fakta bila diperlukan. Tidak dibuat pipeline.
m_tipe_ijin,3,tipe,character varying(10),True,"'[1, 2, 3]'::character varying",,epresensi_analytics_hop_dev.public.dim_jenis_izin,tipe_izin_raw,"Salin teks seperti [1, 2, 3]; semantik belum ditafsirkan.",DITUNDA_DI_LUAR_CAKUPAN,Dimensi jenis izin tidak diperlukan dalam cakupan dashboard saat ini; referensi sumber dapat dipakai transformasi fakta bila diperlukan. Tidak dibuat pipeline.
m_user,1,id,integer,False,nextval('m_user_id_seq'::regclass),NOT NULL id; PRIMARY KEY (id),,,,,
m_user,2,email,character varying(100),False,,NOT NULL email,,,,,
m_user,3,salt,character varying(100),True,,,,,,,
m_user,4,password,character varying(100),True,,,,,,,
m_user,5,nama,character varying(100),False,,NOT NULL nama,,,,,
m_user,6,is_login,integer,True,,,,,,,
m_user,7,last_login,timestamp without time zone,True,,,,,,,
m_user,8,deskripsi,text,True,,,,,,,
m_user,9,is_active,boolean,True,true,,,,,,
m_user,10,group_id,integer,True,,FOREIGN KEY (group_id) REFERENCES m_group(id) ON UPDATE CASCADE ON DELETE RESTRICT,,,,,
m_user,11,api_key,character varying(400),True,,,,,,,
m_user,12,imei,character varying(50),True,,,,,,,
m_user,13,latlong,character varying(400),True,,,,,,,
m_user,14,last_latlong,character varying(400),True,,,,,,,
m_user,15,pegawai_id,integer,True,,FOREIGN KEY (pegawai_id) REFERENCES m_pegawai(id) ON UPDATE CASCADE ON DELETE CASCADE,,,,,
m_user,16,created_at,timestamp without time zone,True,,,,,,,
m_user,17,updated_at,timestamp without time zone,True,,,,,,,
m_user,18,last_activity,character varying(200),True,,,,,,,
m_user,19,last_activity_at,timestamp without time zone,True,,,,,,,
m_user,20,fcm_web,text,True,,,,,,,
m_user,21,fcm_mobile,text,True,,,,,,,
m_user,22,unit_kerja,integer,True,,,,,,,
m_user,23,msg_id,character varying(100),True,,,,,,,
m_user,24,msg_token,text,True,,,,,,,
m_user,25,created_by,character varying(100),True,,,,,,,
m_user,26,updated_by,character varying(100),True,,,,,,,
m_user,27,ip,character varying(50),True,,,,,,,
m_user,28,versi,character(50),True,,,,,,,
t_checkinout,1,id,integer,False,nextval('t_checkinout_id_seq'::regclass),PRIMARY KEY (id); NOT NULL id,epresensi_analytics_hop_dev.public.fact_kehadiran / hop_etl,source_event_min_id;source_event_max_id,Agregasi batas ID; checkpoint rentang ID dan jumlah event. ID reject tanpa tanggal disimpan tersendiri.,IMPLEMENTASI_HOP_DENGAN_REVIEW,Backfill seluruh restore disetujui; kasus pending dikecualikan KPI. Lihat kesepakatan-mapping-presensi-hop.md bagian implementasi 7–8 Oktober 2026; penyelesaian load menunggu rekonsiliasi lengkap.
t_checkinout,2,pegawai_id,integer,False,,FOREIGN KEY (pegawai_id) REFERENCES m_pegawai(id) ON UPDATE RESTRICT ON DELETE RESTRICT; NOT NULL pegawai_id,epresensi_analytics_hop_dev.public.fact_kehadiran / hop_etl,pegawai_id;pegawai_key,"Lookup dim_pegawai berdasarkan pegawai_id_sumber, bukan NIP; grain pegawai × tanggal.",IMPLEMENTASI_HOP_DENGAN_REVIEW,Backfill seluruh restore disetujui; kasus pending dikecualikan KPI. Lihat kesepakatan-mapping-presensi-hop.md bagian implementasi 7–8 Oktober 2026; penyelesaian load menunggu rekonsiliasi lengkap.
t_checkinout,3,latlong,character varying(60),True,,,,,Tidak dibaca oleh pipeline fact_kehadiran tahap ini.,TIDAK_DIPAKAI_FACT_TAHAP_INI,"Bukan aturan semantik baru. Data sumber dipertahankan; tidak menyalin lokasi, perangkat, berkas, atau teks bebas yang tidak dibutuhkan aturan saat ini."
t_checkinout,4,departemen,integer,True,,,epresensi_analytics_hop_dev.public.fact_kehadiran / hop_etl,departemen_id;departemen_key;alasan_review,"Bandingkan seluruh event dengan snapshot departemen pegawai; perbedaan masuk review, histori tidak ditebak.",IMPLEMENTASI_HOP_DENGAN_REVIEW,Backfill seluruh restore disetujui; kasus pending dikecualikan KPI. Lihat kesepakatan-mapping-presensi-hop.md bagian implementasi 7–8 Oktober 2026; penyelesaian load menunggu rekonsiliasi lengkap.
t_checkinout,5,location,integer,True,,,,,Tidak dibaca oleh pipeline fact_kehadiran tahap ini.,TIDAK_DIPAKAI_FACT_TAHAP_INI,"Bukan aturan semantik baru. Data sumber dipertahankan; tidak menyalin lokasi, perangkat, berkas, atau teks bebas yang tidak dibutuhkan aturan saat ini."
t_checkinout,6,jarak,double precision,True,,,,,Tidak dibaca oleh pipeline fact_kehadiran tahap ini.,TIDAK_DIPAKAI_FACT_TAHAP_INI,"Bukan aturan semantik baru. Data sumber dipertahankan; tidak menyalin lokasi, perangkat, berkas, atau teks bebas yang tidak dibutuhkan aturan saat ini."
t_checkinout,7,checktype,integer,True,,,epresensi_analytics_hop_dev.public.fact_kehadiran / hop_etl,waktu_masuk;waktu_pulang;has_masuk;has_pulang,"1=masuk, 2=keluar. Pasangan final tepat satu masing-masing; duplikat/tipe lain masuk review.",IMPLEMENTASI_HOP_DENGAN_REVIEW,Backfill seluruh restore disetujui; kasus pending dikecualikan KPI. Lihat kesepakatan-mapping-presensi-hop.md bagian implementasi 7–8 Oktober 2026; penyelesaian load menunggu rekonsiliasi lengkap.
t_checkinout,8,imei,character varying(50),True,,,,,Tidak dibaca oleh pipeline fact_kehadiran tahap ini.,TIDAK_DIPAKAI_FACT_TAHAP_INI,"Bukan aturan semantik baru. Data sumber dipertahankan; tidak menyalin lokasi, perangkat, berkas, atau teks bebas yang tidak dibutuhkan aturan saat ini."
t_checkinout,9,approval,boolean,True,false,,,,Tidak dibaca oleh pipeline fact_kehadiran tahap ini.,TIDAK_DIPAKAI_FACT_TAHAP_INI,"Bukan aturan semantik baru. Data sumber dipertahankan; tidak menyalin lokasi, perangkat, berkas, atau teks bebas yang tidak dibutuhkan aturan saat ini."
t_checkinout,10,approval_at,timestamp without time zone,True,,,,,Tidak dibaca oleh pipeline fact_kehadiran tahap ini.,TIDAK_DIPAKAI_FACT_TAHAP_INI,"Bukan aturan semantik baru. Data sumber dipertahankan; tidak menyalin lokasi, perangkat, berkas, atau teks bebas yang tidak dibutuhkan aturan saat ini."
t_checkinout,11,created_at,timestamp without time zone,True,,,epresensi_analytics_hop_dev.public.fact_kehadiran / hop_etl,tanggal;waktu_masuk;waktu_pulang,Tanggal dari timestamp sumber; timezone harus konsisten Asia/Jakarta. NULL tanggal masuk event_rejects. Lintas hari belum dipasangkan.,IMPLEMENTASI_HOP_DENGAN_REVIEW,Backfill seluruh restore disetujui; kasus pending dikecualikan KPI. Lihat kesepakatan-mapping-presensi-hop.md bagian implementasi 7–8 Oktober 2026; penyelesaian load menunggu rekonsiliasi lengkap.
t_checkinout,12,updated_at,timestamp without time zone,True,,,epresensi_analytics_hop_dev.public.fact_kehadiran / hop_etl,source_updated_at,"MAX timestamp perubahan sumber per pegawai-tanggal, digabung timestamp izin.",IMPLEMENTASI_HOP_DENGAN_REVIEW,Backfill seluruh restore disetujui; kasus pending dikecualikan KPI. Lihat kesepakatan-mapping-presensi-hop.md bagian implementasi 7–8 Oktober 2026; penyelesaian load menunggu rekonsiliasi lengkap.
t_checkinout,13,current_location,text,True,,,,,Tidak dibaca oleh pipeline fact_kehadiran tahap ini.,TIDAK_DIPAKAI_FACT_TAHAP_INI,"Bukan aturan semantik baru. Data sumber dipertahankan; tidak menyalin lokasi, perangkat, berkas, atau teks bebas yang tidak dibutuhkan aturan saat ini."
t_checkinout,14,ijin,integer,True,,,,,Tidak dibaca oleh pipeline fact_kehadiran tahap ini.,TIDAK_DIPAKAI_FACT_TAHAP_INI,"Bukan aturan semantik baru. Data sumber dipertahankan; tidak menyalin lokasi, perangkat, berkas, atau teks bebas yang tidak dibutuhkan aturan saat ini."
t_checkinout,15,keterangan,text,True,,,,,Tidak dibaca oleh pipeline fact_kehadiran tahap ini.,TIDAK_DIPAKAI_FACT_TAHAP_INI,"Bukan aturan semantik baru. Data sumber dipertahankan; tidak menyalin lokasi, perangkat, berkas, atau teks bebas yang tidak dibutuhkan aturan saat ini."
t_checkinout,16,file,character varying(200),True,,,,,Tidak dibaca oleh pipeline fact_kehadiran tahap ini.,TIDAK_DIPAKAI_FACT_TAHAP_INI,"Bukan aturan semantik baru. Data sumber dipertahankan; tidak menyalin lokasi, perangkat, berkas, atau teks bebas yang tidak dibutuhkan aturan saat ini."
t_checkinout,17,type_ijin,boolean,True,false,,,,Tidak dibaca oleh pipeline fact_kehadiran tahap ini.,TIDAK_DIPAKAI_FACT_TAHAP_INI,"Bukan aturan semantik baru. Data sumber dipertahankan; tidak menyalin lokasi, perangkat, berkas, atau teks bebas yang tidak dibutuhkan aturan saat ini."
t_checkinout,18,deskripsi,text,True,,,,,Tidak dibaca oleh pipeline fact_kehadiran tahap ini.,TIDAK_DIPAKAI_FACT_TAHAP_INI,"Bukan aturan semantik baru. Data sumber dipertahankan; tidak menyalin lokasi, perangkat, berkas, atau teks bebas yang tidak dibutuhkan aturan saat ini."
t_checkinout,19,timezone,character varying(500),True,,,epresensi_analytics_hop_dev.public.fact_kehadiran / hop_etl,alasan_review,Semua event harus berisi Asia/Jakarta untuk final; tidak mengonversi timestamp naive dengan tebakan.,IMPLEMENTASI_HOP_DENGAN_REVIEW,Backfill seluruh restore disetujui; kasus pending dikecualikan KPI. Lihat kesepakatan-mapping-presensi-hop.md bagian implementasi 7–8 Oktober 2026; penyelesaian load menunggu rekonsiliasi lengkap.
t_checkinout,20,is_wfh,smallint,True,'0'::smallint,,epresensi_analytics_hop_dev.public.fact_kehadiran / hop_etl,mode_kerja;is_wfh;is_wfo,Nilai tunggal 0=WFO atau 1=WFH; hanya diisi pada final HADIR; NULL pada izin/review.,IMPLEMENTASI_HOP_DENGAN_REVIEW,Backfill seluruh restore disetujui; kasus pending dikecualikan KPI. Lihat kesepakatan-mapping-presensi-hop.md bagian implementasi 7–8 Oktober 2026; penyelesaian load menunggu rekonsiliasi lengkap.
t_checkinout,21,work_code,integer,False,,NOT NULL work_code,epresensi_analytics_hop_dev.public.fact_kehadiran / hop_etl,shift_key;alasan_review,Cocokkan ID shift dengan dim_shift.shift_id_sumber dari jadwal event; bukan filter work_code=1.,IMPLEMENTASI_HOP_DENGAN_REVIEW,Backfill seluruh restore disetujui; kasus pending dikecualikan KPI. Lihat kesepakatan-mapping-presensi-hop.md bagian implementasi 7–8 Oktober 2026; penyelesaian load menunggu rekonsiliasi lengkap.
t_checkinout,22,selisih_waktu,time without time zone,True,,,,,Tidak dibaca oleh pipeline fact_kehadiran tahap ini.,TIDAK_DIPAKAI_FACT_TAHAP_INI,"Bukan aturan semantik baru. Data sumber dipertahankan; tidak menyalin lokasi, perangkat, berkas, atau teks bebas yang tidak dibutuhkan aturan saat ini."
t_checkinout,23,jadwal_id,integer,True,,,epresensi_analytics_hop_dev.public.fact_kehadiran / hop_etl,jadwal_id_sumber;shift_key,Seluruh event satu jadwal non-NULL; lookup dim_shift.jadwal_id_sumber. Tidak membuat dim_jadwal_kerja.,IMPLEMENTASI_HOP_DENGAN_REVIEW,Backfill seluruh restore disetujui; kasus pending dikecualikan KPI. Lihat kesepakatan-mapping-presensi-hop.md bagian implementasi 7–8 Oktober 2026; penyelesaian load menunggu rekonsiliasi lengkap.
t_checkinout,24,hari,character varying(20),True,,,,,Tidak dibaca oleh pipeline fact_kehadiran tahap ini.,TIDAK_DIPAKAI_FACT_TAHAP_INI,"Bukan aturan semantik baru. Data sumber dipertahankan; tidak menyalin lokasi, perangkat, berkas, atau teks bebas yang tidak dibutuhkan aturan saat ini."
t_checkinout,25,jam_masuk,time without time zone,True,,,epresensi_analytics_hop_dev.public.fact_kehadiran / hop_etl,jadwal_mulai;durasi_terlambat,Snapshot waktu harus konsisten antar-event dan dim_shift; durasi positif menit desimal tanpa pembulatan untuk final HADIR.,IMPLEMENTASI_HOP_DENGAN_REVIEW,Backfill seluruh restore disetujui; kasus pending dikecualikan KPI. Lihat kesepakatan-mapping-presensi-hop.md bagian implementasi 7–8 Oktober 2026; penyelesaian load menunggu rekonsiliasi lengkap.
t_checkinout,26,jam_keluar,time without time zone,True,,,epresensi_analytics_hop_dev.public.fact_kehadiran / hop_etl,jadwal_selesai,Snapshot waktu harus konsisten dan setelah jam masuk untuk jalur normal; kasus lainnya review.,IMPLEMENTASI_HOP_DENGAN_REVIEW,Backfill seluruh restore disetujui; kasus pending dikecualikan KPI. Lihat kesepakatan-mapping-presensi-hop.md bagian implementasi 7–8 Oktober 2026; penyelesaian load menunggu rekonsiliasi lengkap.
t_checkinout,27,jam_masuk_awal,time without time zone,True,,,,,Tidak dibaca oleh pipeline fact_kehadiran tahap ini.,TIDAK_DIPAKAI_FACT_TAHAP_INI,"Bukan aturan semantik baru. Data sumber dipertahankan; tidak menyalin lokasi, perangkat, berkas, atau teks bebas yang tidak dibutuhkan aturan saat ini."
t_checkinout,28,jam_keluar_akhir,time without time zone,True,,,,,Tidak dibaca oleh pipeline fact_kehadiran tahap ini.,TIDAK_DIPAKAI_FACT_TAHAP_INI,"Bukan aturan semantik baru. Data sumber dipertahankan; tidak menyalin lokasi, perangkat, berkas, atau teks bebas yang tidak dibutuhkan aturan saat ini."
t_checkinout,29,flexible_time,time without time zone,True,,,,,Tidak dibaca oleh pipeline fact_kehadiran tahap ini.,TIDAK_DIPAKAI_FACT_TAHAP_INI,"Bukan aturan semantik baru. Data sumber dipertahankan; tidak menyalin lokasi, perangkat, berkas, atau teks bebas yang tidak dibutuhkan aturan saat ini."
t_checkinout,30,is_manual,boolean,True,false,,epresensi_analytics_hop_dev.public.fact_kehadiran / hop_etl,alasan_review,Setidaknya satu TRUE menyebabkan PRESENSI_MANUAL_BELUM_TERVERIFIKASI.,IMPLEMENTASI_HOP_DENGAN_REVIEW,Backfill seluruh restore disetujui; kasus pending dikecualikan KPI. Lihat kesepakatan-mapping-presensi-hop.md bagian implementasi 7–8 Oktober 2026; penyelesaian load menunggu rekonsiliasi lengkap.
t_checkinout,31,temp_current_location,text,True,,,,,Tidak dibaca oleh pipeline fact_kehadiran tahap ini.,TIDAK_DIPAKAI_FACT_TAHAP_INI,"Bukan aturan semantik baru. Data sumber dipertahankan; tidak menyalin lokasi, perangkat, berkas, atau teks bebas yang tidak dibutuhkan aturan saat ini."
t_libur_shift,1,id,integer,False,nextval('t_libur_shift_id_seq'::regclass),PRIMARY KEY (id); NOT NULL id,epresensi_analytics_hop_dev.public.fact_kehadiran / hop_etl,hop_etl.off_source.id,"Simpan ID referensi, deduplikasi pegawai-tanggal saat join fakta.",IMPLEMENTASI_HOP_DENGAN_REVIEW,Backfill seluruh restore disetujui; kasus pending dikecualikan KPI. Lihat kesepakatan-mapping-presensi-hop.md bagian implementasi 7–8 Oktober 2026; penyelesaian load menunggu rekonsiliasi lengkap.
t_libur_shift,2,departemen_id,integer,True,,,,,Tidak dibaca oleh pipeline fact_kehadiran tahap ini.,TIDAK_DIPAKAI_FACT_TAHAP_INI,"Bukan aturan semantik baru. Data sumber dipertahankan; tidak menyalin lokasi, perangkat, berkas, atau teks bebas yang tidak dibutuhkan aturan saat ini."
t_libur_shift,3,pegawai_id,integer,True,,FOREIGN KEY (pegawai_id) REFERENCES m_pegawai(id) ON UPDATE SET NULL ON DELETE SET NULL,epresensi_analytics_hop_dev.public.fact_kehadiran / hop_etl,pegawai_id;is_libur_shift,"Lookup identitas pegawai; hanya pegawai terkait, bukan libur departemen secara umum.",IMPLEMENTASI_HOP_DENGAN_REVIEW,Backfill seluruh restore disetujui; kasus pending dikecualikan KPI. Lihat kesepakatan-mapping-presensi-hop.md bagian implementasi 7–8 Oktober 2026; penyelesaian load menunggu rekonsiliasi lengkap.
t_libur_shift,4,tanggal,date,True,,,epresensi_analytics_hop_dev.public.fact_kehadiran / hop_etl,tanggal;is_libur_shift,"Libur individual menjadikan hari nonwajib; penyimpanan fakta masuk review, tidak TANPA_KETERANGAN.",IMPLEMENTASI_HOP_DENGAN_REVIEW,Backfill seluruh restore disetujui; kasus pending dikecualikan KPI. Lihat kesepakatan-mapping-presensi-hop.md bagian implementasi 7–8 Oktober 2026; penyelesaian load menunggu rekonsiliasi lengkap.
t_libur_shift,5,keterangan,character varying(200),True,,,,,Tidak dibaca oleh pipeline fact_kehadiran tahap ini.,TIDAK_DIPAKAI_FACT_TAHAP_INI,"Bukan aturan semantik baru. Data sumber dipertahankan; tidak menyalin lokasi, perangkat, berkas, atau teks bebas yang tidak dibutuhkan aturan saat ini."
t_libur_shift,6,created_at,timestamp without time zone,True,,,,,Tidak dibaca oleh pipeline fact_kehadiran tahap ini.,TIDAK_DIPAKAI_FACT_TAHAP_INI,"Bukan aturan semantik baru. Data sumber dipertahankan; tidak menyalin lokasi, perangkat, berkas, atau teks bebas yang tidak dibutuhkan aturan saat ini."
t_libur_shift,7,updated_at,timestamp without time zone,True,,,epresensi_analytics_hop_dev.public.fact_kehadiran / hop_etl,hop_etl.off_source.updated_at,Simpan timestamp referensi snapshot untuk audit.,IMPLEMENTASI_HOP_DENGAN_REVIEW,Backfill seluruh restore disetujui; kasus pending dikecualikan KPI. Lihat kesepakatan-mapping-presensi-hop.md bagian implementasi 7–8 Oktober 2026; penyelesaian load menunggu rekonsiliasi lengkap.
t_libur_shift,8,created_by,integer,True,,,,,Tidak dibaca oleh pipeline fact_kehadiran tahap ini.,TIDAK_DIPAKAI_FACT_TAHAP_INI,"Bukan aturan semantik baru. Data sumber dipertahankan; tidak menyalin lokasi, perangkat, berkas, atau teks bebas yang tidak dibutuhkan aturan saat ini."
t_perizinan,1,id,integer,False,nextval('t_perizinan_id_seq'::regclass),PRIMARY KEY (id); NOT NULL id,epresensi_analytics_hop_dev.public.fact_kehadiran / hop_etl,izin_id_sumber,Daftar ID approved terurut dipisah koma; overlap tetap review; tidak memerlukan fact_perizinan terpisah.,IMPLEMENTASI_HOP_DENGAN_REVIEW,Backfill seluruh restore disetujui; kasus pending dikecualikan KPI. Lihat kesepakatan-mapping-presensi-hop.md bagian implementasi 7–8 Oktober 2026; penyelesaian load menunggu rekonsiliasi lengkap.
t_perizinan,2,user_id,integer,False,,FOREIGN KEY (user_id) REFERENCES m_user(id) ON UPDATE RESTRICT ON DELETE RESTRICT; NOT NULL user_id,epresensi_analytics_hop_dev.public.fact_kehadiran / hop_etl,alasan_review,Join m_user.id untuk memverifikasi pegawai_id; ketidakcocokan approved masuk review.,IMPLEMENTASI_HOP_DENGAN_REVIEW,Backfill seluruh restore disetujui; kasus pending dikecualikan KPI. Lihat kesepakatan-mapping-presensi-hop.md bagian implementasi 7–8 Oktober 2026; penyelesaian load menunggu rekonsiliasi lengkap.
t_perizinan,3,nama,character varying(200),False,,NOT NULL nama,,,Tidak dibaca oleh pipeline fact_kehadiran tahap ini.,TIDAK_DIPAKAI_FACT_TAHAP_INI,"Bukan aturan semantik baru. Data sumber dipertahankan; tidak menyalin lokasi, perangkat, berkas, atau teks bebas yang tidak dibutuhkan aturan saat ini."
t_perizinan,4,departemen,integer,False,,NOT NULL departemen,epresensi_analytics_hop_dev.public.fact_kehadiran / hop_etl,hop_etl.leave_source.departemen,Simpan untuk audit referensi; tidak dipakai menganggap histori departemen terbukti.,IMPLEMENTASI_HOP_DENGAN_REVIEW,Backfill seluruh restore disetujui; kasus pending dikecualikan KPI. Lihat kesepakatan-mapping-presensi-hop.md bagian implementasi 7–8 Oktober 2026; penyelesaian load menunggu rekonsiliasi lengkap.
t_perizinan,5,tipe_ijin,integer,False,,NOT NULL tipe_ijin,,,Tidak dibaca oleh pipeline fact_kehadiran tahap ini.,TIDAK_DIPAKAI_FACT_TAHAP_INI,"Bukan aturan semantik baru. Data sumber dipertahankan; tidak menyalin lokasi, perangkat, berkas, atau teks bebas yang tidak dibutuhkan aturan saat ini."
t_perizinan,6,jenis_ijin,integer,False,,FOREIGN KEY (jenis_ijin) REFERENCES m_jenis_ijin(id) ON UPDATE SET NULL ON DELETE SET NULL; NOT NULL jenis_ijin,epresensi_analytics_hop_dev.public.fact_kehadiran / hop_etl,alasan_review,"Join m_jenis_ijin untuk flag setengah hari, tipe dan nama; kasus lupa presensi/jenis belum jelas masuk review.",IMPLEMENTASI_HOP_DENGAN_REVIEW,Backfill seluruh restore disetujui; kasus pending dikecualikan KPI. Lihat kesepakatan-mapping-presensi-hop.md bagian implementasi 7–8 Oktober 2026; penyelesaian load menunggu rekonsiliasi lengkap.
t_perizinan,7,alasan,text,False,,NOT NULL alasan,,,Tidak dibaca oleh pipeline fact_kehadiran tahap ini.,TIDAK_DIPAKAI_FACT_TAHAP_INI,"Bukan aturan semantik baru. Data sumber dipertahankan; tidak menyalin lokasi, perangkat, berkas, atau teks bebas yang tidak dibutuhkan aturan saat ini."
t_perizinan,8,berkas,character varying(200),True,,,,,Tidak dibaca oleh pipeline fact_kehadiran tahap ini.,TIDAK_DIPAKAI_FACT_TAHAP_INI,"Bukan aturan semantik baru. Data sumber dipertahankan; tidak menyalin lokasi, perangkat, berkas, atau teks bebas yang tidak dibutuhkan aturan saat ini."
t_perizinan,9,catatan,text,True,,,,,Tidak dibaca oleh pipeline fact_kehadiran tahap ini.,TIDAK_DIPAKAI_FACT_TAHAP_INI,"Bukan aturan semantik baru. Data sumber dipertahankan; tidak menyalin lokasi, perangkat, berkas, atau teks bebas yang tidak dibutuhkan aturan saat ini."
t_perizinan,10,approval,boolean,True,false,,epresensi_analytics_hop_dev.public.fact_kehadiran / hop_etl,has_valid_leave;status_usulan,"Hanya TRUE kandidat IZIN; mendahului HADIR, tetapi final tetap tunduk semua pemeriksaan review.",IMPLEMENTASI_HOP_DENGAN_REVIEW,Backfill seluruh restore disetujui; kasus pending dikecualikan KPI. Lihat kesepakatan-mapping-presensi-hop.md bagian implementasi 7–8 Oktober 2026; penyelesaian load menunggu rekonsiliasi lengkap.
t_perizinan,11,approval_at,timestamp without time zone,True,,,epresensi_analytics_hop_dev.public.fact_kehadiran / hop_etl,alasan_review,Approved tanpa waktu approval masuk review.,IMPLEMENTASI_HOP_DENGAN_REVIEW,Backfill seluruh restore disetujui; kasus pending dikecualikan KPI. Lihat kesepakatan-mapping-presensi-hop.md bagian implementasi 7–8 Oktober 2026; penyelesaian load menunggu rekonsiliasi lengkap.
t_perizinan,12,created_at,timestamp without time zone,True,,,,,Tidak dibaca oleh pipeline fact_kehadiran tahap ini.,TIDAK_DIPAKAI_FACT_TAHAP_INI,"Bukan aturan semantik baru. Data sumber dipertahankan; tidak menyalin lokasi, perangkat, berkas, atau teks bebas yang tidak dibutuhkan aturan saat ini."
t_perizinan,13,tgl_ijin,date,False,,NOT NULL tgl_ijin,epresensi_analytics_hop_dev.public.fact_kehadiran / hop_etl,hop_etl.leave_source.awal;tanggal,Awal cakupan inklusif; validasi rentang bersama akhir.,IMPLEMENTASI_HOP_DENGAN_REVIEW,Backfill seluruh restore disetujui; kasus pending dikecualikan KPI. Lihat kesepakatan-mapping-presensi-hop.md bagian implementasi 7–8 Oktober 2026; penyelesaian load menunggu rekonsiliasi lengkap.
t_perizinan,14,tgl_ijin_sampai,date,True,,,epresensi_analytics_hop_dev.public.fact_kehadiran / hop_etl,hop_etl.leave_source.akhir;tanggal,"Akhir inklusif; NULL/terbalik tidak ditebak, disimpan untuk review.",IMPLEMENTASI_HOP_DENGAN_REVIEW,Backfill seluruh restore disetujui; kasus pending dikecualikan KPI. Lihat kesepakatan-mapping-presensi-hop.md bagian implementasi 7–8 Oktober 2026; penyelesaian load menunggu rekonsiliasi lengkap.
t_perizinan,15,pegawai_id,integer,True,,,epresensi_analytics_hop_dev.public.fact_kehadiran / hop_etl,pegawai_id;pegawai_key,Identitas utama izin; fallback identitas m_user hanya kandidat review bila tidak cocok.,IMPLEMENTASI_HOP_DENGAN_REVIEW,Backfill seluruh restore disetujui; kasus pending dikecualikan KPI. Lihat kesepakatan-mapping-presensi-hop.md bagian implementasi 7–8 Oktober 2026; penyelesaian load menunggu rekonsiliasi lengkap.
t_perizinan,16,updated_at,timestamp without time zone,True,,,epresensi_analytics_hop_dev.public.fact_kehadiran / hop_etl,source_updated_at,MAX timestamp izin relevan per pegawai-tanggal.,IMPLEMENTASI_HOP_DENGAN_REVIEW,Backfill seluruh restore disetujui; kasus pending dikecualikan KPI. Lihat kesepakatan-mapping-presensi-hop.md bagian implementasi 7–8 Oktober 2026; penyelesaian load menunggu rekonsiliasi lengkap.
t_perizinan,17,status,smallint,True,'1'::smallint,,,,Tidak dibaca oleh pipeline fact_kehadiran tahap ini.,TIDAK_DIPAKAI_FACT_TAHAP_INI,"Bukan aturan semantik baru. Data sumber dipertahankan; tidak menyalin lokasi, perangkat, berkas, atau teks bebas yang tidak dibutuhkan aturan saat ini."
t_perizinan,18,updated_user,integer,True,,,,,Tidak dibaca oleh pipeline fact_kehadiran tahap ini.,TIDAK_DIPAKAI_FACT_TAHAP_INI,"Bukan aturan semantik baru. Data sumber dipertahankan; tidak menyalin lokasi, perangkat, berkas, atau teks bebas yang tidak dibutuhkan aturan saat ini."
t_perizinan,19,latlong,character varying(60),True,,,,,Tidak dibaca oleh pipeline fact_kehadiran tahap ini.,TIDAK_DIPAKAI_FACT_TAHAP_INI,"Bukan aturan semantik baru. Data sumber dipertahankan; tidak menyalin lokasi, perangkat, berkas, atau teks bebas yang tidak dibutuhkan aturan saat ini."
t_perizinan,20,tgl_emaster,date,True,,,,,Tidak dibaca oleh pipeline fact_kehadiran tahap ini.,TIDAK_DIPAKAI_FACT_TAHAP_INI,"Bukan aturan semantik baru. Data sumber dipertahankan; tidak menyalin lokasi, perangkat, berkas, atau teks bebas yang tidak dibutuhkan aturan saat ini."
